Date,AppName,Cost
2025-09-12,AuthAPI,3374
2025-09-13,AuthAPI,3482
2025-09-14,AuthAPI,3575
2025-09-15,AuthAPI,3771
2025-09-16,AuthAPI,3744
2025-09-17,AuthAPI,3858
2025-09-18,AuthAPI,4051
2025-09-19,AuthAPI,4121
2025-09-20,AuthAPI,4255
2025-09-21,AuthAPI,4492
2025-09-22,AuthAPI,4484
2025-09-23,AuthAPI,4686
2025-09-24,AuthAPI,4846
2025-09-25,AuthAPI,4992
2025-09-26,AuthAPI,5174
2025-09-27,AuthAPI,5345
2025-09-28,AuthAPI,5513
2025-09-29,AuthAPI,5524
2025-09-30,AuthAPI,5793
2025-10-01,AuthAPI,6049
2025-10-02,AuthAPI,6138
2025-10-03,AuthAPI,6288
2025-10-04,AuthAPI,6560
2025-10-05,AuthAPI,6729
2025-10-06,AuthAPI,6882
2025-10-07,AuthAPI,7127
2025-10-08,AuthAPI,7277
2025-10-09,AuthAPI,7549
2025-10-10,AuthAPI,7741
2025-10-11,AuthAPI,7993
2025-10-12,AuthAPI,8336
2025-10-13,AuthAPI,8415
2025-10-14,AuthAPI,8666
2025-10-15,AuthAPI,9061
2025-10-16,AuthAPI,9307
2025-10-17,AuthAPI,9591
2025-10-18,AuthAPI,9928
2025-10-19,AuthAPI,10207
2025-10-20,AuthAPI,10509
2025-10-21,AuthAPI,10757
2025-10-22,AuthAPI,11011
2025-10-23,AuthAPI,11344
2025-10-24,AuthAPI,11649
2025-10-25,AuthAPI,12137
2025-10-26,AuthAPI,12416
2025-10-27,AuthAPI,12865
2025-10-28,AuthAPI,13286
2025-10-29,AuthAPI,13617
2025-10-30,AuthAPI,14026
2025-10-31,AuthAPI,14532
2025-11-01,AuthAPI,14803
2025-11-02,AuthAPI,15254
2025-11-03,AuthAPI,15750
2025-11-04,AuthAPI,16305
2025-11-05,AuthAPI,16653
2025-11-06,AuthAPI,17197
2025-11-07,AuthAPI,17818
2025-11-08,AuthAPI,18351
2025-11-09,AuthAPI,18849
2025-11-10,AuthAPI,19442
2025-09-12,AnalyticsService,3143
2025-09-13,AnalyticsService,3170
2025-09-14,AnalyticsService,3188
2025-09-15,AnalyticsService,3364
2025-09-16,AnalyticsService,3474
2025-09-17,AnalyticsService,3475
2025-09-18,AnalyticsService,3578
2025-09-19,AnalyticsService,3822
2025-09-20,AnalyticsService,3880
2025-09-21,AnalyticsService,3913
2025-09-22,AnalyticsService,4128
2025-09-23,AnalyticsService,4309
2025-09-24,AnalyticsService,4314
2025-09-25,AnalyticsService,4502
2025-09-26,AnalyticsService,4552
2025-09-27,AnalyticsService,4718
2025-09-28,AnalyticsService,4988
2025-09-29,AnalyticsService,4991
2025-09-30,AnalyticsService,5196
2025-10-01,AnalyticsService,5254
2025-10-02,AnalyticsService,5558
2025-10-03,AnalyticsService,5611
2025-10-04,AnalyticsService,5877
2025-10-05,AnalyticsService,6039
2025-10-06,AnalyticsService,6229
2025-10-07,AnalyticsService,6424
2025-10-08,AnalyticsService,6653
2025-10-09,AnalyticsService,6788
2025-10-10,AnalyticsService,7047
2025-10-11,AnalyticsService,7242
2025-10-12,AnalyticsService,7351
2025-10-13,AnalyticsService,7707
2025-10-14,AnalyticsService,7864
2025-10-15,AnalyticsService,8070
2025-10-16,AnalyticsService,8302
2025-10-17,AnalyticsService,8587
2025-10-18,AnalyticsService,8804
2025-10-19,AnalyticsService,9018
2025-10-20,AnalyticsService,9423
2025-10-21,AnalyticsService,9740
2025-10-22,AnalyticsService,9940
2025-10-23,AnalyticsService,10201
2025-10-24,AnalyticsService,10528
2025-10-25,AnalyticsService,10962
2025-10-26,AnalyticsService,11122
2025-10-27,AnalyticsService,11450
2025-10-28,AnalyticsService,11861
2025-10-29,AnalyticsService,12166
2025-10-30,AnalyticsService,12591
2025-10-31,AnalyticsService,13006
2025-11-01,AnalyticsService,13282
2025-11-02,AnalyticsService,13780
2025-11-03,AnalyticsService,14197
2025-11-04,AnalyticsService,14583
2025-11-05,AnalyticsService,15017
2025-11-06,AnalyticsService,15482
2025-11-07,AnalyticsService,15958
2025-11-08,AnalyticsService,16420
2025-11-09,AnalyticsService,16848
2025-11-10,AnalyticsService,17509
2025-09-12,DatabaseCluster,3567
2025-09-13,DatabaseCluster,3818
2025-09-14,DatabaseCluster,3764
2025-09-15,DatabaseCluster,3892
2025-09-16,DatabaseCluster,4117
2025-09-17,DatabaseCluster,4144
2025-09-18,DatabaseCluster,4399
2025-09-19,DatabaseCluster,4471
2025-09-20,DatabaseCluster,4607
2025-09-21,DatabaseCluster,4714
2025-09-22,DatabaseCluster,4802
2025-09-23,DatabaseCluster,5004
2025-09-24,DatabaseCluster,5165
2025-09-25,DatabaseCluster,5235
2025-09-26,DatabaseCluster,5557
2025-09-27,DatabaseCluster,5569
2025-09-28,DatabaseCluster,5787
2025-09-29,DatabaseCluster,6076
2025-09-30,DatabaseCluster,6092
2025-10-01,DatabaseCluster,6343
2025-10-02,DatabaseCluster,6557
2025-10-03,DatabaseCluster,6784
2025-10-04,DatabaseCluster,6955
2025-10-05,DatabaseCluster,7085
2025-10-06,DatabaseCluster,7433
2025-10-07,DatabaseCluster,7656
2025-10-08,DatabaseCluster,7795
2025-10-09,DatabaseCluster,8042
2025-10-10,DatabaseCluster,8268
2025-10-11,DatabaseCluster,8586
2025-10-12,DatabaseCluster,8722
2025-10-13,DatabaseCluster,9123
2025-10-14,DatabaseCluster,9284
2025-10-15,DatabaseCluster,9527
2025-10-16,DatabaseCluster,9927
2025-10-17,DatabaseCluster,10250
2025-10-18,DatabaseCluster,10484
2025-10-19,DatabaseCluster,10760
2025-10-20,DatabaseCluster,11127
2025-10-21,DatabaseCluster,11378
2025-10-22,DatabaseCluster,11775
2025-10-23,DatabaseCluster,12254
2025-10-24,DatabaseCluster,12569
2025-10-25,DatabaseCluster,12969
2025-10-26,DatabaseCluster,13219
2025-10-27,DatabaseCluster,13781
2025-10-28,DatabaseCluster,14074
2025-10-29,DatabaseCluster,14521
2025-10-30,DatabaseCluster,15019
2025-10-31,DatabaseCluster,15490
2025-11-01,DatabaseCluster,15952
2025-11-02,DatabaseCluster,16267
2025-11-03,DatabaseCluster,16922
2025-11-04,DatabaseCluster,17257
2025-11-05,DatabaseCluster,17805
2025-11-06,DatabaseCluster,18399
2025-11-07,DatabaseCluster,18958
2025-11-08,DatabaseCluster,19555
2025-11-09,DatabaseCluster,20191
2025-11-10,DatabaseCluster,20760
2025-09-12,FrontendApp,2437
2025-09-13,FrontendApp,2550
2025-09-14,FrontendApp,2553
2025-09-15,FrontendApp,2621
2025-09-16,FrontendApp,2672
2025-09-17,FrontendApp,2838
2025-09-18,FrontendApp,2999
2025-09-19,FrontendApp,3023
2025-09-20,FrontendApp,3175
2025-09-21,FrontendApp,3223
2025-09-22,FrontendApp,3342
2025-09-23,FrontendApp,3449
2025-09-24,FrontendApp,3561
2025-09-25,FrontendApp,3515
2025-09-26,FrontendApp,3639
2025-09-27,FrontendApp,3862
2025-09-28,FrontendApp,3868
2025-09-29,FrontendApp,3971
2025-09-30,FrontendApp,4259
2025-10-01,FrontendApp,4348
2025-10-02,FrontendApp,4531
2025-10-03,FrontendApp,4551
2025-10-04,FrontendApp,4761
2025-10-05,FrontendApp,4772
2025-10-06,FrontendApp,5097
2025-10-07,FrontendApp,5199
2025-10-08,FrontendApp,5283
2025-10-09,FrontendApp,5539
2025-10-10,FrontendApp,5672
2025-10-11,FrontendApp,5887
2025-10-12,FrontendApp,6067
2025-10-13,FrontendApp,6158
2025-10-14,FrontendApp,6414
2025-10-15,FrontendApp,6461
2025-10-16,FrontendApp,6685
2025-10-17,FrontendApp,7024
2025-10-18,FrontendApp,7176
2025-10-19,FrontendApp,7257
2025-10-20,FrontendApp,7642
2025-10-21,FrontendApp,7843
2025-10-22,FrontendApp,8125
2025-10-23,FrontendApp,8367
2025-10-24,FrontendApp,8427
2025-10-25,FrontendApp,8684
2025-10-26,FrontendApp,9124
2025-10-27,FrontendApp,9223
2025-10-28,FrontendApp,9546
2025-10-29,FrontendApp,9887
2025-10-30,FrontendApp,10249
2025-10-31,FrontendApp,10562
2025-11-01,FrontendApp,10736
2025-11-02,FrontendApp,11127
2025-11-03,FrontendApp,11543
2025-11-04,FrontendApp,11799
2025-11-05,FrontendApp,12108
2025-11-06,FrontendApp,12543
2025-11-07,FrontendApp,12944
2025-11-08,FrontendApp,13250
2025-11-09,FrontendApp,13604
2025-11-10,FrontendApp,13991
2025-09-12,PaymentGateway,3930
2025-09-13,PaymentGateway,4071
2025-09-14,PaymentGateway,4212
2025-09-15,PaymentGateway,4170
2025-09-16,PaymentGateway,4435
2025-09-17,PaymentGateway,4458
2025-09-18,PaymentGateway,4736
2025-09-19,PaymentGateway,4753
2025-09-20,PaymentGateway,4943
2025-09-21,PaymentGateway,5050
2025-09-22,PaymentGateway,5178
2025-09-23,PaymentGateway,5469
2025-09-24,PaymentGateway,5629
2025-09-25,PaymentGateway,5646
2025-09-26,PaymentGateway,5804
2025-09-27,PaymentGateway,6086
2025-09-28,PaymentGateway,6252
2025-09-29,PaymentGateway,6340
2025-09-30,PaymentGateway,6698
2025-10-01,PaymentGateway,6795
2025-10-02,PaymentGateway,7061
2025-10-03,PaymentGateway,7166
2025-10-04,PaymentGateway,7428
2025-10-05,PaymentGateway,7626
2025-10-06,PaymentGateway,7851
2025-10-07,PaymentGateway,8222
2025-10-08,PaymentGateway,8334
2025-10-09,PaymentGateway,8681
2025-10-10,PaymentGateway,8923
2025-10-11,PaymentGateway,9265
2025-10-12,PaymentGateway,9397
2025-10-13,PaymentGateway,9653
2025-10-14,PaymentGateway,10094
2025-10-15,PaymentGateway,10344
2025-10-16,PaymentGateway,10689
2025-10-17,PaymentGateway,11053
2025-10-18,PaymentGateway,11243
2025-10-19,PaymentGateway,11696
2025-10-20,PaymentGateway,11918
2025-10-21,PaymentGateway,12254
2025-10-22,PaymentGateway,12745
2025-10-23,PaymentGateway,13177
2025-10-24,PaymentGateway,13499
2025-10-25,PaymentGateway,13942
2025-10-26,PaymentGateway,14223
2025-10-27,PaymentGateway,14726
2025-10-28,PaymentGateway,15073
2025-10-29,PaymentGateway,15584
2025-10-30,PaymentGateway,16157
2025-10-31,PaymentGateway,16488
2025-11-01,PaymentGateway,17129
2025-11-02,PaymentGateway,17647
2025-11-03,PaymentGateway,18084
2025-11-04,PaymentGateway,18701
2025-11-05,PaymentGateway,19124
2025-11-06,PaymentGateway,19696
2025-11-07,PaymentGateway,20331
2025-11-08,PaymentGateway,21006
2025-11-09,PaymentGateway,21699
2025-11-10,PaymentGateway,22266
